{
  "document": "/Users/ekalimullin/Desktop/PyProjects/block_data_store/data/poc_long_showcase.md",
  "database": "sqlite://perf_smoke.db",
  "checkpoints": [
    {
      "documents": 10,
      "sample_size": 10,
      "avg_fetch_ms": 148.418133193627,
      "avg_render_ms": 4.132075991947204,
      "avg_render_length": 31233.0,
      "avg_filter_paragraph_ms": 39.15052068186924,
      "avg_filter_parent_ms": 2.921428228728473,
      "avg_paragraph_count": 15.0,
      "avg_parent_count": 0.0,
      "total_blocks": 4900
    },
    {
      "documents": 100,
      "sample_size": 10,
      "avg_fetch_ms": 534.328609611839,
      "avg_render_ms": 3.8898106082342565,
      "avg_render_length": 31233.0,
      "avg_filter_paragraph_ms": 440.57079448830336,
      "avg_filter_parent_ms": 7.5657702051103115,
      "avg_paragraph_count": 15.0,
      "avg_parent_count": 0.0,
      "total_blocks": 49000
    },
    {
      "documents": 1000,
      "sample_size": 10,
      "avg_fetch_ms": 4979.409723205026,
      "avg_render_ms": 3.799051872920245,
      "avg_render_length": 31233.0,
      "avg_filter_paragraph_ms": 4921.154247317463,
      "avg_filter_parent_ms": 2.576743101235479,
      "avg_paragraph_count": 15.0,
      "avg_parent_count": 0.0,
      "total_blocks": 490000
    }
  ],
  "steps": [
    10,
    100,
    1000
  ],
  "sample_size": 10
}